id,elementid,,switch_model_id,submap_id,created_at,updated_at
1,450,"AVELINO-2",3,1,2016-08-18 00:00:00,2016-08-18 00:00:00
2,451,"BB3ANDAR",11,1,2016-08-18 00:00:00,2016-08-18 00:00:00
3,452,"BB-ADMREDE-DBA",7,1,2016-08-18 00:00:00,2016-08-18 00:00:00
4,453,"CET",12,1,2016-08-18 00:00:00,2016-08-18 00:00:00
5,454,"CET-CCO-3600",20,1,2016-08-18 00:00:00,2016-08-18 00:00:00
6,455,"DELL-TESTE",13,1,2016-08-18 00:00:00,2016-08-18 00:00:00
7,456,"DELL-TESTE",13,1,2016-08-18 00:00:00,2016-08-18 00:00:00
8,457,"FAMS-Amador-Bueno",5,1,2016-08-18 00:00:00,2016-08-18 00:00:00
9,458,"HP7506",26,1,2016-08-18 00:00:00,2016-08-18 00:00:00
10,459,"INTERNET",4,1,2016-08-18 00:00:00,2016-08-18 00:00:00
11,460,"LAB-REDE2-SETUR",20,1,2016-08-18 00:00:00,2016-08-18 00:00:00
12,461,"MEU_LAR",6,1,2016-08-18 00:00:00,2016-08-18 00:00:00
13,462,"PMSSW447",6,1,2016-08-18 00:00:00,2016-08-18 00:00:00
14,463,"PMSSW448",6,1,2016-08-18 00:00:00,2016-08-18 00:00:00
15,464,"PMSSW449",6,1,2016-08-18 00:00:00,2016-08-18 00:00:00
16,465,"PMSSW450",6,1,2016-08-18 00:00:00,2016-08-18 00:00:00
17,466,"PMSSW451",6,1,2016-08-18 00:00:00,2016-08-18 00:00:00
18,467,"POSTO-5",20,1,2016-08-18 00:00:00,2016-08-18 00:00:00
19,468,"POUPATEMPO-1",6,1,2016-08-18 00:00:00,2016-08-18 00:00:00
20,469,"POUPATEMPO-2",6,1,2016-08-18 00:00:00,2016-08-18 00:00:00
21,470,"POUPATEMPO-4",6,1,2016-08-18 00:00:00,2016-08-18 00:00:00
22,471,"POUPATEMPO-5",6,1,2016-08-18 00:00:00,2016-08-18 00:00:00
23,472,"POUPATEMPO-6",6,1,2016-08-18 00:00:00,2016-08-18 00:00:00
24,473,"POUPATEMPO-CORE-FIBRA",10,1,2016-08-18 00:00:00,2016-08-18 00:00:00
25,474,"ProCurve Switch 2510B-24",18,1,2016-08-18 00:00:00,2016-08-18 00:00:00
26,475,"PRONTO_SOCORRO_CENTRAL",20,1,2016-08-18 00:00:00,2016-08-18 00:00:00
27,476,"SAMBODROMO",6,1,2016-08-18 00:00:00,2016-08-18 00:00:00
28,477,"SAMBODROMO2",6,1,2016-08-18 00:00:00,2016-08-18 00:00:00
29,478,"SAMBODROMO3",20,1,2016-08-18 00:00:00,2016-08-18 00:00:00
30,479,"SANTISTA-CORE",9,1,2016-08-18 00:00:00,2016-08-18 00:00:00
31,480,"SECRAS-ZOI1",20,1,2016-08-18 00:00:00,2016-08-18 00:00:00
32,481,"SESERP2",6,1,2016-08-18 00:00:00,2016-08-18 00:00:00
33,482,"SMDEATRI3",6,1,2016-08-18 00:00:00,2016-08-18 00:00:00
34,483,"SW01-DATACENTER",20,1,2016-08-18 00:00:00,2016-08-18 00:00:00
35,484,"SW04-DATACENTER",11,1,2016-08-18 00:00:00,2016-08-18 00:00:00
36,485,"SW07-DATACENTER",11,1,2016-08-18 00:00:00,2016-08-18 00:00:00
37,486,"SW11-DATACENTER",20,1,2016-08-18 00:00:00,2016-08-18 00:00:00
38,487,"SW11-DATACENTER_5500",23,1,2016-08-18 00:00:00,2016-08-18 00:00:00
39,488,"SWADMMORROS1",19,1,2016-08-18 00:00:00,2016-08-18 00:00:00
40,489,"SWADMMORROS2",6,1,2016-08-18 00:00:00,2016-08-18 00:00:00
41,490,"SW-ADMREDE-BB",15,1,2016-08-18 00:00:00,2016-08-18 00:00:00
42,491,"SWAQUARIO1",25,1,2016-08-18 00:00:00,2016-08-18 00:00:00
43,492,"SWAQUARIO2",12,1,2016-08-18 00:00:00,2016-08-18 00:00:00
44,493,"SWAQUARIO3",19,1,2016-08-18 00:00:00,2016-08-18 00:00:00
45,494,"SWAQUARIO4",19,1,2016-08-18 00:00:00,2016-08-18 00:00:00
46,495,"SWARENA1",6,1,2016-08-18 00:00:00,2016-08-18 00:00:00
47,496,"SWARENA2",6,1,2016-08-18 00:00:00,2016-08-18 00:00:00
48,497,"SWARENA3",6,1,2016-08-18 00:00:00,2016-08-18 00:00:00
49,498,"SWARENA4",6,1,2016-08-18 00:00:00,2016-08-18 00:00:00
50,499,"SWARENA5",6,1,2016-08-18 00:00:00,2016-08-18 00:00:00
51,500,"SWARENA6",6,1,2016-08-18 00:00:00,2016-08-18 00:00:00
52,501,"SWAYRTONSENA",6,1,2016-08-18 00:00:00,2016-08-18 00:00:00
53,502,"SWAYRTONSENNA2",6,1,2016-08-18 00:00:00,2016-08-18 00:00:00
54,503,"SWBANDEIRABRASIL1",19,1,2016-08-18 00:00:00,2016-08-18 00:00:00
55,504,"SWBARAORBRANCO1",19,1,2016-08-18 00:00:00,2016-08-18 00:00:00
56,505,"SWBERNAL",19,1,2016-08-18 00:00:00,2016-08-18 00:00:00
57,506,"SWBMFARIAS1",20,1,2016-08-18 00:00:00,2016-08-18 00:00:00
58,507,"SWCABRANCA2",6,1,2016-08-18 00:00:00,2016-08-18 00:00:00
59,508,"SWCAIS2-1",14,1,2016-08-18 00:00:00,2016-08-18 00:00:00
60,509,"SWCAIS2-2",8,1,2016-08-18 00:00:00,2016-08-18 00:00:00
61,510,"SWCAIS2-3",6,1,2016-08-18 00:00:00,2016-08-18 00:00:00
62,511,"SWCARMELITA1",20,1,2016-08-18 00:00:00,2016-08-18 00:00:00
63,512,"SWCARMELITA2",6,1,2016-08-18 00:00:00,2016-08-18 00:00:00
64,513,"SWCARMELITA3",6,1,2016-08-18 00:00:00,2016-08-18 00:00:00
65,514,"SWCEJUVLOPES1",10,1,2016-08-18 00:00:00,2016-08-18 00:00:00
66,515,"SWCEJUVLOPES2",20,1,2016-08-18 00:00:00,2016-08-18 00:00:00
67,516,"SWCEMIAREIABRANCA",9,1,2016-08-18 00:00:00,2016-08-18 00:00:00
68,517,"SWCENTROESPORTIVOZN1",19,1,2016-08-18 00:00:00,2016-08-18 00:00:00
69,518,"SWCERIMONIAL1",6,1,2016-08-18 00:00:00,2016-08-18 00:00:00
70,519,"SWCET1",25,1,2016-08-18 00:00:00,2016-08-18 00:00:00
71,520,"SWCHICOPAULA1",6,1,2016-08-18 00:00:00,2016-08-18 00:00:00
72,521,"SWCMNEGRINI1",10,1,2016-08-18 00:00:00,2016-08-18 00:00:00
73,522,"SWCOEL1",6,1,2016-08-18 00:00:00,2016-08-18 00:00:00
74,523,"SWCOEL2",6,1,2016-08-18 00:00:00,2016-08-18 00:00:00
75,524,"SWCOGER1",20,1,2016-08-18 00:00:00,2016-08-18 00:00:00
76,525,"SWCOHAB1",6,1,2016-08-18 00:00:00,2016-08-18 00:00:00
77,526,"SWCOMERI1",20,1,2016-08-18 00:00:00,2016-08-18 00:00:00
78,527,"SWCONSELHOTUTELAR1",6,1,2016-08-18 00:00:00,2016-08-18 00:00:00
79,528,"SWCOPROVIDA1",23,1,2016-08-18 00:00:00,2016-08-18 00:00:00
80,529,"SWCOPROVIDA3",6,1,2016-08-18 00:00:00,2016-08-18 00:00:00
81,530,"SWCOSERP1",6,1,2016-08-18 00:00:00,2016-08-18 00:00:00
82,531,"SWCOSERP2",6,1,2016-08-18 00:00:00,2016-08-18 00:00:00
83,532,"SWCOSERP3",6,1,2016-08-18 00:00:00,2016-08-18 00:00:00
84,533,"SWCOSERP4",6,1,2016-08-18 00:00:00,2016-08-18 00:00:00
85,534,"SWCPEMPREGO1",20,1,2016-08-18 00:00:00,2016-08-18 00:00:00
86,535,"SWCRASCENTRO1",20,1,2016-08-18 00:00:00,2016-08-18 00:00:00
87,536,"SWCRASCENTRO2",6,1,2016-08-18 00:00:00,2016-08-18 00:00:00
88,537,"SWCRASCENTRO3",6,1,2016-08-18 00:00:00,2016-08-18 00:00:00
89,538,"SWCRASZN1",10,1,2016-08-18 00:00:00,2016-08-18 00:00:00
90,539,"SWCSABOO3",15,1,2016-08-18 00:00:00,2016-08-18 00:00:00
91,540,"SWCSANTOS1",6,1,2016-08-18 00:00:00,2016-08-18 00:00:00
92,541,"SWCSANTOS2",22,1,2016-08-18 00:00:00,2016-08-18 00:00:00
93,542,"SWCSANTOS3",6,1,2016-08-18 00:00:00,2016-08-18 00:00:00
94,543,"SWCTZL1",6,1,2016-08-18 00:00:00,2016-08-18 00:00:00
95,544,"SWCTZN2",20,1,2016-08-18 00:00:00,2016-08-18 00:00:00
96,545,"SWCYRO1",6,1,2016-08-18 00:00:00,2016-08-18 00:00:00
97,546,"swdeale1",6,1,2016-08-18 00:00:00,2016-08-18 00:00:00
98,547,"SWDEARZNO1",20,1,2016-08-18 00:00:00,2016-08-18 00:00:00
99,548,"SWDEARZNO2",20,1,2016-08-18 00:00:00,2016-08-18 00:00:00
100,549,"SWDEARZNO3",20,1,2016-08-18 00:00:00,2016-08-18 00:00:00
101,550,"SWDEATRI1",6,1,2016-08-18 00:00:00,2016-08-18 00:00:00
102,551,"SWDEATRI2",6,1,2016-08-18 00:00:00,2016-08-18 00:00:00
103,552,"SWDEATRI6",6,1,2016-08-18 00:00:00,2016-08-18 00:00:00
104,553,"SWDEATRI9",6,1,2016-08-18 00:00:00,2016-08-18 00:00:00
105,554,"swdefesacivil1",20,1,2016-08-18 00:00:00,2016-08-18 00:00:00
106,555,"SWDEFISCO2",6,1,2016-08-18 00:00:00,2016-08-18 00:00:00
107,556,"SWDEFISCO3",14,1,2016-08-18 00:00:00,2016-08-18 00:00:00
108,557,"SWDEFISCO4",20,1,2016-08-18 00:00:00,2016-08-18 00:00:00
109,558,"SWDEFISCO5",9,1,2016-08-18 00:00:00,2016-08-18 00:00:00
110,559,"SWDEFISCO6",20,1,2016-08-18 00:00:00,2016-08-18 00:00:00
111,560,"SWDEFORPEC1",6,1,2016-08-18 00:00:00,2016-08-18 00:00:00
112,561,"SWDELL1",13,1,2016-08-18 00:00:00,2016-08-18 00:00:00
113,562,"SWDELL2",13,1,2016-08-18 00:00:00,2016-08-18 00:00:00
114,563,"SWDELL3",13,1,2016-08-18 00:00:00,2016-08-18 00:00:00
115,564,"SWDEMOSTENES1",20,1,2016-08-18 00:00:00,2016-08-18 00:00:00
116,565,"SWDEOB1",20,1,2016-08-18 00:00:00,2016-08-18 00:00:00
117,566,"SWDEORG1",6,1,2016-08-18 00:00:00,2016-08-18 00:00:00
118,567,"SWDEORG2",6,1,2016-08-18 00:00:00,2016-08-18 00:00:00
119,568,"SWDEPLEO1",6,1,2016-08-18 00:00:00,2016-08-18 00:00:00
120,569,"SWDEPLEO2",6,1,2016-08-18 00:00:00,2016-08-18 00:00:00
121,570,"SWDEPLEO3",6,1,2016-08-18 00:00:00,2016-08-18 00:00:00
122,571,"SWDESMET3",6,1,2016-08-18 00:00:00,2016-08-18 00:00:00
123,572,"SWDRH1",3,1,2016-08-18 00:00:00,2016-08-18 00:00:00
124,573,"SWDRH11",9,1,2016-08-18 00:00:00,2016-08-18 00:00:00
125,574,"SWDTM1",6,1,2016-08-18 00:00:00,2016-08-18 00:00:00
126,575,"SWDTM2",6,1,2016-08-18 00:00:00,2016-08-18 00:00:00
127,576,"SWEDMEA2",20,1,2016-08-18 00:00:00,2016-08-18 00:00:00
128,577,"SWEMISSARIO1",6,1,2016-08-18 00:00:00,2016-08-18 00:00:00
129,578,"SWEMISSARIO2",20,1,2016-08-18 00:00:00,2016-08-18 00:00:00
130,579,"SWEMISSARIO4",6,1,2016-08-18 00:00:00,2016-08-18 00:00:00
131,580,"SWETARQUINIO1",10,1,2016-08-18 00:00:00,2016-08-18 00:00:00
132,581,"SWETARQUINIO3",5,1,2016-08-18 00:00:00,2016-08-18 00:00:00
133,582,"SWETARQUINIO4",3,1,2016-08-18 00:00:00,2016-08-18 00:00:00
134,583,"SWFAMS2",6,1,2016-08-18 00:00:00,2016-08-18 00:00:00
135,584,"SWFAMS3",14,1,2016-08-18 00:00:00,2016-08-18 00:00:00
136,585,"SWFAMS4",6,1,2016-08-18 00:00:00,2016-08-18 00:00:00
137,586,"SWFAMS6",14,1,2016-08-18 00:00:00,2016-08-18 00:00:00
138,587,"SWFCOSTA1",10,1,2016-08-18 00:00:00,2016-08-18 00:00:00
139,588,"SWFLAVIOCIPRIANO1",6,1,2016-08-18 00:00:00,2016-08-18 00:00:00
140,589,"SWFUPES1",6,1,2016-08-18 00:00:00,2016-08-18 00:00:00
141,590,"SWFUPES2",6,1,2016-08-18 00:00:00,2016-08-18 00:00:00
142,591,"SWFUPES3",14,1,2016-08-18 00:00:00,2016-08-18 00:00:00
143,592,"SWGAB1",6,1,2016-08-18 00:00:00,2016-08-18 00:00:00
144,593,"SWGAB2",6,1,2016-08-18 00:00:00,2016-08-18 00:00:00
145,594,"SWGAB3",6,1,2016-08-18 00:00:00,2016-08-18 00:00:00
146,595,"SWGIBITECA1",20,1,2016-08-18 00:00:00,2016-08-18 00:00:00
147,596,"SWGUARANY1",9,1,2016-08-18 00:00:00,2016-08-18 00:00:00
148,597,"SWHZNOROESTE",3,1,2016-08-18 00:00:00,2016-08-18 00:00:00
149,598,"SWHZNOROESTE1",6,1,2016-08-18 00:00:00,2016-08-18 00:00:00
150,599,"SWHZNOROESTE13",6,1,2016-08-18 00:00:00,2016-08-18 00:00:00
151,600,"SWHZNOROESTE2",6,1,2016-08-18 00:00:00,2016-08-18 00:00:00
152,601,"SWHZNOROESTE3",6,1,2016-08-18 00:00:00,2016-08-18 00:00:00
153,602,"SWHZNOROESTE7",6,1,2016-08-18 00:00:00,2016-08-18 00:00:00
154,603,"SWHZNOROESTE9",6,1,2016-08-18 00:00:00,2016-08-18 00:00:00
155,604,"SWIMULHER",19,1,2016-08-18 00:00:00,2016-08-18 00:00:00
156,605,"SWIPREV1",5,1,2016-08-18 00:00:00,2016-08-18 00:00:00
157,606,"SWIVETA1",20,1,2016-08-18 00:00:00,2016-08-18 00:00:00
158,607,"SWJBONIFACIO1",10,1,2016-08-18 00:00:00,2016-08-18 00:00:00
159,608,"SWJBONIFACIO2",6,1,2016-08-18 00:00:00,2016-08-18 00:00:00
160,609,"SWJBONIFACIO3",6,1,2016-08-18 00:00:00,2016-08-18 00:00:00
161,610,"SWJBOTANICO1",10,1,2016-08-18 00:00:00,2016-08-18 00:00:00
162,611,"SWJBOTANICO2",20,1,2016-08-18 00:00:00,2016-08-18 00:00:00
163,612,"SWJCAZEVEDO1",10,1,2016-08-18 00:00:00,2016-08-18 00:00:00
164,613,"SWJCAZEVEDO3",6,1,2016-08-18 00:00:00,2016-08-18 00:00:00
165,614,"SWJCSOBRINHO1",10,1,2016-08-18 00:00:00,2016-08-18 00:00:00
166,615,"SWJISOUZA1",10,1,2016-08-18 00:00:00,2016-08-18 00:00:00
167,616,"SWJOSEGENESIO",19,1,2016-08-18 00:00:00,2016-08-18 00:00:00
168,617,"SWJPESSOA2",5,1,2016-08-18 00:00:00,2016-08-18 00:00:00
169,618,"SWJUNTAFISCAL1",6,1,2016-08-18 00:00:00,2016-08-18 00:00:00
170,619,"SW-L3-AVELINO",20,1,2016-08-18 00:00:00,2016-08-18 00:00:00
171,620,"SW-L3-C2D",6,1,2016-08-18 00:00:00,2016-08-18 00:00:00
172,621,"SW-L3-C2E",6,1,2016-08-18 00:00:00,2016-08-18 00:00:00
173,622,"SW-L3-C4E",14,1,2016-08-18 00:00:00,2016-08-18 00:00:00
174,623,"SW-L3-CAD",5,1,2016-08-18 00:00:00,2016-08-18 00:00:00
175,624,"SW-L3-COADI-SEDUC-10",6,1,2016-08-18 00:00:00,2016-08-18 00:00:00
176,625,"SW-L3-COADI-SEDUC-2",6,1,2016-08-18 00:00:00,2016-08-18 00:00:00
177,626,"SW-L3-COADI-SEDUC-3",6,1,2016-08-18 00:00:00,2016-08-18 00:00:00
178,627,"SW-L3-COADI-SEDUC-4",6,1,2016-08-18 00:00:00,2016-08-18 00:00:00
179,628,"SW-L3-COADI-SEDUC-5",6,1,2016-08-18 00:00:00,2016-08-18 00:00:00
180,629,"SW-L3-COADI-SEDUC-7",6,1,2016-08-18 00:00:00,2016-08-18 00:00:00
181,630,"SW-L3-COADI-SEDUC-7",6,1,2016-08-18 00:00:00,2016-08-18 00:00:00
182,631,"SW-L3-DEATRI-5",6,1,2016-08-18 00:00:00,2016-08-18 00:00:00
183,632,"SW-L3-DEATRI-6",6,1,2016-08-18 00:00:00,2016-08-18 00:00:00
184,633,"SW-L3-DEATRI-7",6,1,2016-08-18 00:00:00,2016-08-18 00:00:00
185,634,"SW-L3-DEATRI-8",6,1,2016-08-18 00:00:00,2016-08-18 00:00:00
186,635,"SW-L3-DEGEP-2",6,1,2016-08-18 00:00:00,2016-08-18 00:00:00
187,636,"SW-L3-DELIS",6,1,2016-08-18 00:00:00,2016-08-18 00:00:00
188,637,"SW-L3-DELIS-2",6,1,2016-08-18 00:00:00,2016-08-18 00:00:00
189,638,"SW-L3-DERAT",6,1,2016-08-18 00:00:00,2016-08-18 00:00:00
190,639,"SW-L3-DETIC-10 ",1,1,2016-08-18 00:00:00,2016-08-18 00:00:00
191,640,"SW-L3-DETIC-2",6,1,2016-08-18 00:00:00,2016-08-18 00:00:00
192,641,"SW-L3-DETIC-5",6,1,2016-08-18 00:00:00,2016-08-18 00:00:00
193,642,"SW-L3-DETIC-7 ",2,1,2016-08-18 00:00:00,2016-08-18 00:00:00
194,643,"SW-L3-DETIC-8",6,1,2016-08-18 00:00:00,2016-08-18 00:00:00
195,644,"SW-L3-DETIC-9",6,1,2016-08-18 00:00:00,2016-08-18 00:00:00
196,645,"SW-L3-DETIC-SESERC",20,1,2016-08-18 00:00:00,2016-08-18 00:00:00
197,646,"SW-L3-FAMS-ADM-2",20,1,2016-08-18 00:00:00,2016-08-18 00:00:00
198,647,"SW-L3-SEAS-2",6,1,2016-08-18 00:00:00,2016-08-18 00:00:00
199,648,"SW-L3-SMS",6,1,2016-08-18 00:00:00,2016-08-18 00:00:00
200,649,"SW-L3-SMS-11",6,1,2016-08-18 00:00:00,2016-08-18 00:00:00
201,650,"SW-L3-SMS-12",6,1,2016-08-18 00:00:00,2016-08-18 00:00:00
202,651,"SW-L3-SMS-13",6,1,2016-08-18 00:00:00,2016-08-18 00:00:00
203,652,"SW-L3-SMS-14",6,1,2016-08-18 00:00:00,2016-08-18 00:00:00
204,653,"SW-L3-SMS-15",6,1,2016-08-18 00:00:00,2016-08-18 00:00:00
205,654,"SW-L3-SMS-2",6,1,2016-08-18 00:00:00,2016-08-18 00:00:00
206,655,"SW-L3-SMS-3",6,1,2016-08-18 00:00:00,2016-08-18 00:00:00
207,656,"SW-L3-SMS-4",6,1,2016-08-18 00:00:00,2016-08-18 00:00:00
208,657,"SW-L3-SMS-5",6,1,2016-08-18 00:00:00,2016-08-18 00:00:00
209,658,"SW-L3-SMS-7",6,1,2016-08-18 00:00:00,2016-08-18 00:00:00
210,659,"SW-L3-SMS-9",6,1,2016-08-18 00:00:00,2016-08-18 00:00:00
211,660,"SWLCPRESTES1",10,1,2016-08-18 00:00:00,2016-08-18 00:00:00
212,661,"SWLEONOR1",20,1,2016-08-18 00:00:00,2016-08-18 00:00:00
213,662,"SWLOBOVIANA2",6,1,2016-08-18 00:00:00,2016-08-18 00:00:00
214,663,"SWLOBOVIANA3",6,1,2016-08-18 00:00:00,2016-08-18 00:00:00
215,664,"SWLUCIOFLORO1",6,1,2016-08-18 00:00:00,2016-08-18 00:00:00
216,665,"SWMALCANTARA3",6,1,2016-08-18 00:00:00,2016-08-18 00:00:00
217,666,"SWMALONSO1",19,1,2016-08-18 00:00:00,2016-08-18 00:00:00
218,667,"SWMARTINSFONTES1",6,1,2016-08-18 00:00:00,2016-08-18 00:00:00
219,668,"SWMARTINSFONTES2",6,1,2016-08-18 00:00:00,2016-08-18 00:00:00
220,669,"SWMERCADO",20,1,2016-08-18 00:00:00,2016-08-18 00:00:00
221,670,"SWMLALONSO1",20,1,2016-08-18 00:00:00,2016-08-18 00:00:00
222,671,"swmlalonso2",5,1,2016-08-18 00:00:00,2016-08-18 00:00:00
223,672,"SWMNASCIMENTO1",19,1,2016-08-18 00:00:00,2016-08-18 00:00:00
224,673,"SWMONTESERRAT1",14,1,2016-08-18 00:00:00,2016-08-18 00:00:00
225,674,"SWMPATRICIA1",9,1,2016-08-18 00:00:00,2016-08-18 00:00:00
226,675,"SWMUSEUPELE1",25,1,2016-08-18 00:00:00,2016-08-18 00:00:00
227,676,"SWMUSEUPELE10",21,1,2016-08-18 00:00:00,2016-08-18 00:00:00
228,677,"SWMUSEUPELE11",21,1,2016-08-18 00:00:00,2016-08-18 00:00:00
229,678,"SWMUSEUPELE12",21,1,2016-08-18 00:00:00,2016-08-18 00:00:00
230,679,"SWMUSEUPELE13",25,1,2016-08-18 00:00:00,2016-08-18 00:00:00
231,680,"SWMUSEUPELE14",20,1,2016-08-18 00:00:00,2016-08-18 00:00:00
232,681,"SWMUSEUPELE15",20,1,2016-08-18 00:00:00,2016-08-18 00:00:00
233,682,"SWMUSEUPELE16",6,1,2016-08-18 00:00:00,2016-08-18 00:00:00
234,683,"SWMUSEUPELE19",19,1,2016-08-18 00:00:00,2016-08-18 00:00:00
235,684,"SWMUSEUPELE2",21,1,2016-08-18 00:00:00,2016-08-18 00:00:00
236,685,"SWMUSEUPELE3",21,1,2016-08-18 00:00:00,2016-08-18 00:00:00
237,686,"SWMUSEUPELE4",21,1,2016-08-18 00:00:00,2016-08-18 00:00:00
238,687,"SWMUSEUPELE5",21,1,2016-08-18 00:00:00,2016-08-18 00:00:00
239,688,"SWMUSEUPELE6",21,1,2016-08-18 00:00:00,2016-08-18 00:00:00
240,689,"SWMUSEUPELE7",21,1,2016-08-18 00:00:00,2016-08-18 00:00:00
241,690,"SWMUSEUPELE8",21,1,2016-08-18 00:00:00,2016-08-18 00:00:00
242,691,"SWMUSEUPELE9",21,1,2016-08-18 00:00:00,2016-08-18 00:00:00
243,692,"SWNAI1",20,1,2016-08-18 00:00:00,2016-08-18 00:00:00
244,693,"SWNOC",24,1,2016-08-18 00:00:00,2016-08-18 00:00:00
245,694,"SWOFESCOLA",6,1,2016-08-18 00:00:00,2016-08-18 00:00:00
246,695,"SWOFESCOLA2",9,1,2016-08-18 00:00:00,2016-08-18 00:00:00
247,696,"SWOFICINAESCOLA1",10,1,2016-08-18 00:00:00,2016-08-18 00:00:00
248,697,"SWOLAVOBILAC1",6,1,2016-08-18 00:00:00,2016-08-18 00:00:00
249,698,"SWOLAVOBILAC2",20,1,2016-08-18 00:00:00,2016-08-18 00:00:00
250,699,"SWOLIVIAFERNANDES1",19,1,2016-08-18 00:00:00,2016-08-18 00:00:00
251,700,"SWORQUIDARIO1",25,1,2016-08-18 00:00:00,2016-08-18 00:00:00
252,701,"SWORQUIDARIO10",19,1,2016-08-18 00:00:00,2016-08-18 00:00:00
253,702,"SWORQUIDARIO2",12,1,2016-08-18 00:00:00,2016-08-18 00:00:00
254,703,"SWORQUIDARIO3",20,1,2016-08-18 00:00:00,2016-08-18 00:00:00
255,704,"SWORQUIDARIO4",20,1,2016-08-18 00:00:00,2016-08-18 00:00:00
256,705,"SWORQUIDARIO5",20,1,2016-08-18 00:00:00,2016-08-18 00:00:00
257,706,"SWORQUIDARIO6",20,1,2016-08-18 00:00:00,2016-08-18 00:00:00
258,707,"SWORQUIDARIO7",19,1,2016-08-18 00:00:00,2016-08-18 00:00:00
259,708,"SWORQUIDARIO8",19,1,2016-08-18 00:00:00,2016-08-18 00:00:00
260,709,"SWORQUIDARIO9",19,1,2016-08-18 00:00:00,2016-08-18 00:00:00
261,710,"SWOSWALDO1",25,1,2016-08-18 00:00:00,2016-08-18 00:00:00
262,711,"SWOSWALDO2",23,1,2016-08-18 00:00:00,2016-08-18 00:00:00
263,712,"SWOUVIDORIA",6,1,2016-08-18 00:00:00,2016-08-18 00:00:00
264,713,"SWOUVIDORIASMS2",5,1,2016-08-18 00:00:00,2016-08-18 00:00:00
265,714,"SWPAPASOBRINHO1",19,1,2016-08-18 00:00:00,2016-08-18 00:00:00
266,715,"SWPAPASOBRINHO2",6,1,2016-08-18 00:00:00,2016-08-18 00:00:00
267,716,"SWPAPASOBRINHO3",6,1,2016-08-18 00:00:00,2016-08-18 00:00:00
268,717,"SWPAPASOBRINHO4",3,1,2016-08-18 00:00:00,2016-08-18 00:00:00
269,718,"SWPAQUETA1",20,1,2016-08-18 00:00:00,2016-08-18 00:00:00
270,719,"SWPAQUETA2",6,1,2016-08-18 00:00:00,2016-08-18 00:00:00
271,720,"SWPASSOSSOBRINHO1",19,1,2016-08-18 00:00:00,2016-08-18 00:00:00
272,721,"SWPCRESCENTI1",10,1,2016-08-18 00:00:00,2016-08-18 00:00:00
273,722,"SWPEDESTRIANISMO1",6,1,2016-08-18 00:00:00,2016-08-18 00:00:00
274,723,"SWPEDRO1",20,1,2016-08-18 00:00:00,2016-08-18 00:00:00
275,724,"SWPEDRO2",6,1,2016-08-18 00:00:00,2016-08-18 00:00:00
276,725,"SWPEDRO3",6,1,2016-08-18 00:00:00,2016-08-18 00:00:00
277,726,"SWPGM1",6,1,2016-08-18 00:00:00,2016-08-18 00:00:00
278,727,"SWPGM2",6,1,2016-08-18 00:00:00,2016-08-18 00:00:00
279,728,"SWPGM3",6,1,2016-08-18 00:00:00,2016-08-18 00:00:00
280,729,"SWPGM5",6,1,2016-08-18 00:00:00,2016-08-18 00:00:00
281,730,"SWPGM6",6,1,2016-08-18 00:00:00,2016-08-18 00:00:00
282,731,"SWPLNUNES1",10,1,2016-08-18 00:00:00,2016-08-18 00:00:00
283,732,"SWPMS",6,1,2016-08-18 00:00:00,2016-08-18 00:00:00
284,733,"SWPOLCG1",3,1,2016-08-18 00:00:00,2016-08-18 00:00:00
285,734,"SWPOLSAOJORGE1",6,1,2016-08-18 00:00:00,2016-08-18 00:00:00
286,735,"SWPOLSAOJORGE1",6,1,2016-08-18 00:00:00,2016-08-18 00:00:00
287,736,"SWPOPCG",25,1,2016-08-18 00:00:00,2016-08-18 00:00:00
288,737,"SWPOPCG1",20,1,2016-08-18 00:00:00,2016-08-18 00:00:00
289,738,"SWPOPHZN",25,1,2016-08-18 00:00:00,2016-08-18 00:00:00
290,739,"SWPOPISEVREST",6,1,2016-08-18 00:00:00,2016-08-18 00:00:00
291,740,"SWPOPSECRAIDS",12,1,2016-08-18 00:00:00,2016-08-18 00:00:00
292,741,"SWPOPSECRAIDS1",25,1,2016-08-18 00:00:00,2016-08-18 00:00:00
293,742,"SWPOPZL2",12,1,2016-08-18 00:00:00,2016-08-18 00:00:00
294,743,"SWPORCHAT1",20,1,2016-08-18 00:00:00,2016-08-18 00:00:00
295,744,"SWPOSTOSEMAM2",20,1,2016-08-18 00:00:00,2016-08-18 00:00:00
296,745,"SWPOSTO-SEMAN1",6,1,2016-08-18 00:00:00,2016-08-18 00:00:00
297,746,"SWPRODESAN1",6,1,2016-08-18 00:00:00,2016-08-18 00:00:00
298,747,"SWPRODESAN2",3,1,2016-08-18 00:00:00,2016-08-18 00:00:00
299,748,"SWPRODESAN3",20,1,2016-08-18 00:00:00,2016-08-18 00:00:00
300,749,"SWPROFISC1",20,1,2016-08-18 00:00:00,2016-08-18 00:00:00
301,750,"SWPROFISC2",20,1,2016-08-18 00:00:00,2016-08-18 00:00:00
302,751,"SWPROFISC3",20,1,2016-08-18 00:00:00,2016-08-18 00:00:00
303,752,"SWPROFISC4",20,1,2016-08-18 00:00:00,2016-08-18 00:00:00
304,753,"SWPROFISC5",6,1,2016-08-18 00:00:00,2016-08-18 00:00:00
305,754,"SWPSZL1",23,1,2016-08-18 00:00:00,2016-08-18 00:00:00
306,755,"SWRADIOCLUBE1",10,1,2016-08-18 00:00:00,2016-08-18 00:00:00
307,756,"SWRCH1",6,1,2016-08-18 00:00:00,2016-08-18 00:00:00
308,757,"SWRLARA01",6,1,2016-08-18 00:00:00,2016-08-18 00:00:00
309,758,"SWRUBENSLARA1",6,1,2016-08-18 00:00:00,2016-08-18 00:00:00
310,759,"SWRUBENSLARA2",6,1,2016-08-18 00:00:00,2016-08-18 00:00:00
311,760,"SWRUBENSLARA4",6,1,2016-08-18 00:00:00,2016-08-18 00:00:00
312,761,"SWRUBENSLARA5",23,1,2016-08-18 00:00:00,2016-08-18 00:00:00
313,762,"SWRUBENSLARA6",25,1,2016-08-18 00:00:00,2016-08-18 00:00:00
314,763,"SWSABOO1",6,1,2016-08-18 00:00:00,2016-08-18 00:00:00
315,764,"SWSALMOURA1",10,1,2016-08-18 00:00:00,2016-08-18 00:00:00
316,765,"SWSALMOURA2",3,1,2016-08-18 00:00:00,2016-08-18 00:00:00
317,766,"SWSAMU1",25,1,2016-08-18 00:00:00,2016-08-18 00:00:00
318,767,"SWSAMU2",6,1,2016-08-18 00:00:00,2016-08-18 00:00:00
319,768,"SWSAMU3",12,1,2016-08-18 00:00:00,2016-08-18 00:00:00
320,769,"SWSAMU4",6,1,2016-08-18 00:00:00,2016-08-18 00:00:00
321,770,"SWSAMU5",6,1,2016-08-18 00:00:00,2016-08-18 00:00:00
322,771,"SWSAMU6",6,1,2016-08-18 00:00:00,2016-08-18 00:00:00
323,772,"SWSAMU7",20,1,2016-08-18 00:00:00,2016-08-18 00:00:00
324,773,"SWSAMU8",20,1,2016-08-18 00:00:00,2016-08-18 00:00:00
325,774,"SWSANTISTA1",6,1,2016-08-18 00:00:00,2016-08-18 00:00:00
326,775,"SWSANTISTA10",5,1,2016-08-18 00:00:00,2016-08-18 00:00:00
327,776,"SWSANTISTA11",6,1,2016-08-18 00:00:00,2016-08-18 00:00:00
328,777,"SWSANTISTA12",6,1,2016-08-18 00:00:00,2016-08-18 00:00:00
329,778,"SWSANTISTA13",6,1,2016-08-18 00:00:00,2016-08-18 00:00:00
330,779,"SWSANTISTA14",6,1,2016-08-18 00:00:00,2016-08-18 00:00:00
331,780,"SWSANTISTA15",6,1,2016-08-18 00:00:00,2016-08-18 00:00:00
332,781,"SWSANTISTA16",6,1,2016-08-18 00:00:00,2016-08-18 00:00:00
333,782,"SWSANTISTA17",6,1,2016-08-18 00:00:00,2016-08-18 00:00:00
334,783,"SWSANTISTA18",20,1,2016-08-18 00:00:00,2016-08-18 00:00:00
335,784,"SWSANTISTA19",6,1,2016-08-18 00:00:00,2016-08-18 00:00:00
336,785,"SWSANTISTA2",6,1,2016-08-18 00:00:00,2016-08-18 00:00:00
337,786,"SWSANTISTA3",6,1,2016-08-18 00:00:00,2016-08-18 00:00:00
338,787,"SWSANTISTA5",6,1,2016-08-18 00:00:00,2016-08-18 00:00:00
339,788,"SWSANTISTA6",5,1,2016-08-18 00:00:00,2016-08-18 00:00:00
340,789,"SWSANTISTA7",5,1,2016-08-18 00:00:00,2016-08-18 00:00:00
341,790,"SWSANTISTA8",6,1,2016-08-18 00:00:00,2016-08-18 00:00:00
342,791,"SWSANTISTA9",5,1,2016-08-18 00:00:00,2016-08-18 00:00:00
343,792,"SWSEALM-SAUDE",9,1,2016-08-18 00:00:00,2016-08-18 00:00:00
344,793,"SWSEAMBESP1",6,1,2016-08-18 00:00:00,2016-08-18 00:00:00
345,794,"SWSEAMBESP2",9,1,2016-08-18 00:00:00,2016-08-18 00:00:00
346,795,"SWSEARQ1",6,1,2016-08-18 00:00:00,2016-08-18 00:00:00
347,796,"SWSEARQ2",6,1,2016-08-18 00:00:00,2016-08-18 00:00:00
348,797,"SWSEARQ3",6,1,2016-08-18 00:00:00,2016-08-18 00:00:00
349,798,"SWSEAS1",6,1,2016-08-18 00:00:00,2016-08-18 00:00:00
350,799,"SWSEAS3",6,1,2016-08-18 00:00:00,2016-08-18 00:00:00
351,800,"SWSEAS4",6,1,2016-08-18 00:00:00,2016-08-18 00:00:00
352,801,"SWSECERPA1",20,1,2016-08-18 00:00:00,2016-08-18 00:00:00
353,802,"SWSECOAS1",6,1,2016-08-18 00:00:00,2016-08-18 00:00:00
354,803,"SWSECOM1",6,1,2016-08-18 00:00:00,2016-08-18 00:00:00
355,804,"SWSECOM2",6,1,2016-08-18 00:00:00,2016-08-18 00:00:00
356,805,"SWSECOM3",6,1,2016-08-18 00:00:00,2016-08-18 00:00:00
357,806,"SWSECOM4",23,1,2016-08-18 00:00:00,2016-08-18 00:00:00
358,807,"SWSECRAIDS1",6,1,2016-08-18 00:00:00,2016-08-18 00:00:00
359,808,"SWSECRAIDS2",6,1,2016-08-18 00:00:00,2016-08-18 00:00:00
360,809,"SWSECRAIDS3",6,1,2016-08-18 00:00:00,2016-08-18 00:00:00
361,810,"SWSECREAS-ZL1",20,1,2016-08-18 00:00:00,2016-08-18 00:00:00
362,811,"SWSECREAS-ZL2",6,1,2016-08-18 00:00:00,2016-08-18 00:00:00
363,812,"SWSECULT1",6,1,2016-08-18 00:00:00,2016-08-18 00:00:00
364,813,"SWSECULT2",14,1,2016-08-18 00:00:00,2016-08-18 00:00:00
365,814,"SWSEDES1",6,1,2016-08-18 00:00:00,2016-08-18 00:00:00
366,815,"SWSEDES2",6,1,2016-08-18 00:00:00,2016-08-18 00:00:00
367,816,"SWSEDES3",6,1,2016-08-18 00:00:00,2016-08-18 00:00:00
368,817,"SWSEDUC-F",6,1,2016-08-18 00:00:00,2016-08-18 00:00:00
369,818,"SWSEDUC-FIBRA",9,1,2016-08-18 00:00:00,2016-08-18 00:00:00
370,819,"SWSEDUC-G",6,1,2016-08-18 00:00:00,2016-08-18 00:00:00
371,820,"SWSEDURB",6,1,2016-08-18 00:00:00,2016-08-18 00:00:00
372,821,"SWSEFIN1",6,1,2016-08-18 00:00:00,2016-08-18 00:00:00
373,822,"SWSEFROT1",14,1,2016-08-18 00:00:00,2016-08-18 00:00:00
374,823,"SWSEFROT2",6,1,2016-08-18 00:00:00,2016-08-18 00:00:00
375,824,"SWSEMAM1",17,1,2016-08-18 00:00:00,2016-08-18 00:00:00
376,825,"SWSEMAM2",17,1,2016-08-18 00:00:00,2016-08-18 00:00:00
377,826,"SWSEMES2",20,1,2016-08-18 00:00:00,2016-08-18 00:00:00
378,827,"SWSEMES3",20,1,2016-08-18 00:00:00,2016-08-18 00:00:00
379,828,"SWSEMES4",20,1,2016-08-18 00:00:00,2016-08-18 00:00:00
380,829,"SWSEMES5",6,1,2016-08-18 00:00:00,2016-08-18 00:00:00
381,830,"SWSEPLAN2",6,1,2016-08-18 00:00:00,2016-08-18 00:00:00
382,831,"SWSEPLAN3",6,1,2016-08-18 00:00:00,2016-08-18 00:00:00
383,832,"SWSEPLAN4",6,1,2016-08-18 00:00:00,2016-08-18 00:00:00
384,833,"SWSEPORT1",6,1,2016-08-18 00:00:00,2016-08-18 00:00:00
385,834,"SWSESEG1",6,1,2016-08-18 00:00:00,2016-08-18 00:00:00
386,835,"SWSESERP1",6,1,2016-08-18 00:00:00,2016-08-18 00:00:00
387,836,"SWSESERP3",6,1,2016-08-18 00:00:00,2016-08-18 00:00:00
388,837,"SWSESFAMICASTELO1",9,1,2016-08-18 00:00:00,2016-08-18 00:00:00
389,838,"SWSESFAMIPIRAT1",20,1,2016-08-18 00:00:00,2016-08-18 00:00:00
390,839,"SWSETUR1",6,1,2016-08-18 00:00:00,2016-08-18 00:00:00
391,840,"SWSETUR2",20,1,2016-08-18 00:00:00,2016-08-18 00:00:00
392,841,"SWSETUR3",17,1,2016-08-18 00:00:00,2016-08-18 00:00:00
393,842,"SWSETUR4",17,1,2016-08-18 00:00:00,2016-08-18 00:00:00
394,843,"SWSETUR5",17,1,2016-08-18 00:00:00,2016-08-18 00:00:00
395,844,"SWSGO3A",6,1,2016-08-18 00:00:00,2016-08-18 00:00:00
396,845,"swsgo3c",6,1,2016-08-18 00:00:00,2016-08-18 00:00:00
397,846,"swsgo3d",6,1,2016-08-18 00:00:00,2016-08-18 00:00:00
398,847,"SWSIM1",23,1,2016-08-18 00:00:00,2016-08-18 00:00:00
399,848,"SWSIM3 ",2,1,2016-08-18 00:00:00,2016-08-18 00:00:00
400,849,"SWSIM3 ",2,1,2016-08-18 00:00:00,2016-08-18 00:00:00
401,850,"SWSIM3 ",2,1,2016-08-18 00:00:00,2016-08-18 00:00:00
402,851,"SWSITUACAO",20,1,2016-08-18 00:00:00,2016-08-18 00:00:00
403,852,"SWSITUACAO2",6,1,2016-08-18 00:00:00,2016-08-18 00:00:00
404,853,"SWSMS15",6,1,2016-08-18 00:00:00,2016-08-18 00:00:00
405,854,"SWSMS18",6,1,2016-08-18 00:00:00,2016-08-18 00:00:00
406,855,"SWSMS19",6,1,2016-08-18 00:00:00,2016-08-18 00:00:00
407,856,"SWSMS20",6,1,2016-08-18 00:00:00,2016-08-18 00:00:00
408,857,"SWSMS21",6,1,2016-08-18 00:00:00,2016-08-18 00:00:00
409,858,"SWSMS24",6,1,2016-08-18 00:00:00,2016-08-18 00:00:00
410,859,"SWSMS28",6,1,2016-08-18 00:00:00,2016-08-18 00:00:00
411,860,"SWSSANTISTA4",6,1,2016-08-18 00:00:00,2016-08-18 00:00:00
412,861,"SWSUPORTE10",6,1,2016-08-18 00:00:00,2016-08-18 00:00:00
413,862,"SWSUPORTE12",6,1,2016-08-18 00:00:00,2016-08-18 00:00:00
414,863,"SWSUPTEC10",11,1,2016-08-18 00:00:00,2016-08-18 00:00:00
415,864,"SWSUPTEC3",10,1,2016-08-18 00:00:00,2016-08-18 00:00:00
416,865,"SWUBSBOMRETIRO1",6,1,2016-08-18 00:00:00,2016-08-18 00:00:00
417,866,"SWUBSEMBARE1",20,1,2016-08-18 00:00:00,2016-08-18 00:00:00
418,867,"SWUBSGONZAGA1",20,1,2016-08-18 00:00:00,2016-08-18 00:00:00
419,868,"SWUBSJABAQUARA1",20,1,2016-08-18 00:00:00,2016-08-18 00:00:00
420,869,"SWUBSMARAPE1",6,1,2016-08-18 00:00:00,2016-08-18 00:00:00
421,870,"SWUBSNOVACINTRA1",19,1,2016-08-18 00:00:00,2016-08-18 00:00:00
422,871,"SWUBSPPRAIA1",20,1,2016-08-18 00:00:00,2016-08-18 00:00:00
423,872,"SWUBSSAOBENTO1",20,1,2016-08-18 00:00:00,2016-08-18 00:00:00
424,873,"SWUBSSAOJORGE1",20,1,2016-08-18 00:00:00,2016-08-18 00:00:00
425,874,"SWUBSSAOMANOEL1",6,1,2016-08-18 00:00:00,2016-08-18 00:00:00
426,875,"SWUBSSTAMARIA",20,1,2016-08-18 00:00:00,2016-08-18 00:00:00
427,876,"SWUBSVALONGO",22,1,2016-08-18 00:00:00,2016-08-18 00:00:00
428,877,"SWUBSVILANOVA1",20,1,2016-08-18 00:00:00,2016-08-18 00:00:00
429,878,"SWUBSVMATHIAS2",6,1,2016-08-18 00:00:00,2016-08-18 00:00:00
430,879,"SWUMEAUXILIADORA1",19,1,2016-08-18 00:00:00,2016-08-18 00:00:00
431,880,"SWUMEAUXILIADORA2",6,1,2016-08-18 00:00:00,2016-08-18 00:00:00
432,881,"SWUMEELSAVIRTUOSO1",19,1,2016-08-18 00:00:00,2016-08-18 00:00:00
433,882,"SWUMEMARIOALCANTARA1",20,1,2016-08-18 00:00:00,2016-08-18 00:00:00
434,883,"SWUMEMARIOALCANTARA2",20,1,2016-08-18 00:00:00,2016-08-18 00:00:00
435,884,"SWUMETHEREZINHA1",20,1,2016-08-18 00:00:00,2016-08-18 00:00:00
436,885,"SWUPACENTRAL1",20,1,2016-08-18 00:00:00,2016-08-18 00:00:00
437,886,"SWUPACENTRAL2",20,1,2016-08-18 00:00:00,2016-08-18 00:00:00
438,887,"SWUPACENTRAL3",20,1,2016-08-18 00:00:00,2016-08-18 00:00:00
439,888,"SWWALDEMAR1",19,1,2016-08-18 00:00:00,2016-08-18 00:00:00
440,889,"SWWALMEIDA1",10,1,2016-08-18 00:00:00,2016-08-18 00:00:00
441,890,"SWWALMEIDA3",6,1,2016-08-18 00:00:00,2016-08-18 00:00:00
442,891,"SWZNOROESTE11",12,1,2016-08-18 00:00:00,2016-08-18 00:00:00
443,892,"SWZONANOROESTE10",6,1,2016-08-18 00:00:00,2016-08-18 00:00:00
444,893,"SWZONANOROESTE4",6,1,2016-08-18 00:00:00,2016-08-18 00:00:00
445,894,"SWZONANOROESTE5",6,1,2016-08-18 00:00:00,2016-08-18 00:00:00
446,895,"TESTE1910",16,1,2016-08-18 00:00:00,2016-08-18 00:00:00
447,896,"SWHOSPESTIVADORES1",25,1,2016-08-18 00:00:00,2016-08-18 00:00:00
448,897,"SWHOSPESTIVADORES2",25,1,2016-08-18 00:00:00,2016-08-18 00:00:00
449,898,"SWHOSPESTIVADORES3",19,1,2016-08-18 00:00:00,2016-08-18 00:00:00
450,899,"SWHOSPESTIVADORES4",19,1,2016-08-18 00:00:00,2016-08-18 00:00:00
451,900,"SWHOSPESTIVADORES5",19,1,2016-08-18 00:00:00,2016-08-18 00:00:00
452,901,"SWHOSPESTIVADORES6",19,1,2016-08-18 00:00:00,2016-08-18 00:00:00
453,902,"SWHOSPESTIVADORES7",19,1,2016-08-18 00:00:00,2016-08-18 00:00:00
454,903,"SWHOSPESTIVADORES8",19,1,2016-08-18 00:00:00,2016-08-18 00:00:00
455,904,"SWHOSPESTIVADORES9",19,1,2016-08-18 00:00:00,2016-08-18 00:00:00
456,905,"SWHOSPESTIVADORES10",19,1,2016-08-18 00:00:00,2016-08-18 00:00:00
457,906,"SWHOSPESTIVADORES11",19,1,2016-08-18 00:00:00,2016-08-18 00:00:00
458,907,"SWHOSPESTIVADORES12",19,1,2016-08-18 00:00:00,2016-08-18 00:00:00
459,908,"SWHOSPESTIVADORES13",19,1,2016-08-18 00:00:00,2016-08-18 00:00:00
460,909,"SWHOSPESTIVADORES14",19,1,2016-08-18 00:00:00,2016-08-18 00:00:00
461,910,"SWHOSPESTIVADORES15",19,1,2016-08-18 00:00:00,2016-08-18 00:00:00
462,911,"SWHOSPESTIVADORES16",19,1,2016-08-18 00:00:00,2016-08-18 00:00:00
463,912,"SWHOSPESTIVADORES17",19,1,2016-08-18 00:00:00,2016-08-18 00:00:00
464,913,"SWHOSPESTIVADORES18",19,1,2016-08-18 00:00:00,2016-08-18 00:00:00
465,914,"SWHOSPESTIVADORES19",19,1,2016-08-18 00:00:00,2016-08-18 00:00:00
466,915,"SWHOSPESTIVADORES20",19,1,2016-08-18 00:00:00,2016-08-18 00:00:00
467,916,"SWHOSPESTIVADORES21",19,1,2016-08-18 00:00:00,2016-08-18 00:00:00
468,917,"SWHOSPESTIVADORES22",19,1,2016-08-18 00:00:00,2016-08-18 00:00:00
469,918,"SWHOSPESTIVADORES23",19,1,2016-08-18 00:00:00,2016-08-18 00:00:00
470,919,"SWHOSPESTIVADORES24",19,1,2016-08-18 00:00:00,2016-08-18 00:00:00
471,920,"SWHOSPESTIVADORES25",19,1,2016-08-18 00:00:00,2016-08-18 00:00:00
472,921,"SWHOSPESTIVADORES26",19,1,2016-08-18 00:00:00,2016-08-18 00:00:00
473,922,"SWHOSPESTIVADORES27",19,1,2016-08-18 00:00:00,2016-08-18 00:00:00
474,923,"SWHOSPESTIVADORES28",19,1,2016-08-18 00:00:00,2016-08-18 00:00:00
475,924,"SWHOSPESTIVADORES29",19,1,2016-08-18 00:00:00,2016-08-18 00:00:00
476,925,"SWHOSPESTIVADORES30",19,1,2016-08-18 00:00:00,2016-08-18 00:00:00
477,926,"SWHOSPESTIVADORES31",19,1,2016-08-18 00:00:00,2016-08-18 00:00:00
478,927,"SWHOSPESTIVADORES32",19,1,2016-08-18 00:00:00,2016-08-18 00:00:00
479,928,"SWHOSPESTIVADORES33",19,1,2016-08-18 00:00:00,2016-08-18 00:00:00
480,929,"SWHOSPESTIVADORES34",19,1,2016-08-18 00:00:00,2016-08-18 00:00:00
481,930,"SWHOSPESTIVADORES35",19,1,2016-08-18 00:00:00,2016-08-18 00:00:00
482,931,"SWHOSPESTIVADORES36",19,1,2016-08-18 00:00:00,2016-08-18 00:00:00
483,932,"SWHOSPESTIVADORES37",19,1,2016-08-18 00:00:00,2016-08-18 00:00:00
484,933,"SWHOSPESTIVADORES38",19,1,2016-08-18 00:00:00,2016-08-18 00:00:00
485,934,"SWHOSPESTIVADORES39",19,1,2016-08-18 00:00:00,2016-08-18 00:00:00
486,935,"SWHOSPESTIVADORES40",19,1,2016-08-18 00:00:00,2016-08-18 00:00:00
487,936,"SWHOSPESTIVADORES41",19,1,2016-08-18 00:00:00,2016-08-18 00:00:00
488,937,"SWHOSPESTIVADORES42",19,1,2016-08-18 00:00:00,2016-08-18 00:00:00
489,938,"SWHOSPESTIVADORES43",19,1,2016-08-18 00:00:00,2016-08-18 00:00:00
490,939,"SWHOSPESTIVADORES44",19,1,2016-08-18 00:00:00,2016-08-18 00:00:00
491,940,"SWHOSPESTIVADORES45",19,1,2016-08-18 00:00:00,2016-08-18 00:00:00
492,941,"SWHOSPESTIVADORES46",19,1,2016-08-18 00:00:00,2016-08-18 00:00:00
493,942,"SWHOSPESTIVADORES47",19,1,2016-08-18 00:00:00,2016-08-18 00:00:00
494,943,"SWHOSPESTIVADORES48",19,1,2016-08-18 00:00:00,2016-08-18 00:00:00
495,944,"SWHOSPESTIVADORES49",19,1,2016-08-18 00:00:00,2016-08-18 00:00:00
496,945,"SWHOSPESTIVADORES50",19,1,2016-08-18 00:00:00,2016-08-18 00:00:00
497,946,"SWHOSPESTIVADORES51",19,1,2016-08-18 00:00:00,2016-08-18 00:00:00
498,947,"SWHOSPESTIVADORES52",19,1,2016-08-18 00:00:00,2016-08-18 00:00:00
499,948,"SWHOSPESTIVADORES53",19,1,2016-08-18 00:00:00,2016-08-18 00:00:00
500,949,"SWHOSPESTIVADORES54",19,1,2016-08-18 00:00:00,2016-08-18 00:00:00
501,950,"SWHOSPESTIVADORES55",19,1,2016-08-18 00:00:00,2016-08-18 00:00:00
502,951,"SWHOSPESTIVADORES56",19,1,2016-08-18 00:00:00,2016-08-18 00:00:00
503,952,"SWHOSPESTIVADORES57",19,1,2016-08-18 00:00:00,2016-08-18 00:00:00
504,953,"SWHOSPESTIVADORES58",19,1,2016-08-18 00:00:00,2016-08-18 00:00:00
505,954,"SWHOSPESTIVADORES59",19,1,2016-08-18 00:00:00,2016-08-18 00:00:00
506,955,"SWHOSPESTIVADORES60",19,1,2016-08-18 00:00:00,2016-08-18 00:00:00
507,956,"SWHOSPESTIVADORES61",19,1,2016-08-18 00:00:00,2016-08-18 00:00:00
508,957,"SWHOSPESTIVADORES62",19,1,2016-08-18 00:00:00,2016-08-18 00:00:00
509,958,"SWHOSPESTIVADORES63",19,1,2016-08-18 00:00:00,2016-08-18 00:00:00
510,959,"SWHOSPESTIVADORES64",19,1,2016-08-18 00:00:00,2016-08-18 00:00:00
511,960,"SWHOSPESTIVADORES65",19,1,2016-08-18 00:00:00,2016-08-18 00:00:00
512,961,"SWHOSPESTIVADORES66",19,1,2016-08-18 00:00:00,2016-08-18 00:00:00
513,962,"SWHOSPESTIVADORES67",19,1,2016-08-18 00:00:00,2016-08-18 00:00:00
514,963,"SWHOSPESTIVADORES68",19,1,2016-08-18 00:00:00,2016-08-18 00:00:00
515,964,"SWHOSPESTIVADORES69",27,1,2016-08-18 00:00:00,2016-08-18 00:00:00
516,965,"SWHOSPESTIVADORES70",27,1,2016-08-18 00:00:00,2016-08-18 00:00:00
517,966,"SWHOSPESTIVADORES71",27,1,2016-08-18 00:00:00,2016-08-18 00:00:00
518,967,"SWHOSPESTIVADORES72",27,1,2016-08-18 00:00:00,2016-08-18 00:00:00
519,968,"SWHOSPESTIVADORES73",27,1,2016-08-18 00:00:00,2016-08-18 00:00:00
